[
	{
		"menu":   "clients",
		"icon":   "wd-icon-user",
		"id":     "menu_clients",
		"action": "tab{#menu_clients}",
		"click":  "data-wd-click=\"\"",
		"update": "wdLoad{get{lib/pages/update.clients.html}}${#window}",
		"tables": "wdLoad{get{lib/pages/tables.clients.html}}${#window}"
	},
	{
		"menu":   "products",
		"icon":   "wd-icon-attach",
		"id":     "menu_products",
		"action": "tab{#menu_products}",
		"click":  "",
		"update": "wdLoad{get{lib/pages/update.products.html}}${#window}",
		"tables": "wdLoad{get{lib/pages/tables.products.html}}${#window}"
	},
	{
		"menu":   "sales",
		"icon":   "wd-icon-user",
		"id":     "menu_sales",
		"action": "tab{#menu_sales}",
		"click":  "",
		"update": "wdLoad{get{lib/pages/update.sales.html}}${#window}",
		"tables": "wdLoad{get{lib/pages/tables.sales.html}}${#window}"
	}
]
